{"cameraMode":{"drawMode":0,"name":"Shaded","section":"Shading Mode"},"sceneLighting":false,"audioPlay":false,"sceneViewState":{"showFog":true,"showMaterialUpdate":false,"showSkybox":false,"showFlares":true,"showImageEffects":true,"showParticleSystems":true},"in2DMode":false,"pivot":{"x":0.6901205778121948,"y":1.3223828077316285,"z":-1.4499120712280274},"rotation":{"x":-0.014849749393761158,"y":0.9825153350830078,"z":0.08984508365392685,"w":0.1623917818069458},"size":3.2865688800811769,"orthographic":false}